lg2 n,sorted,sorted variance,reversed,reversed variance,random,random variance,min_sort,min_rev,min_rand,max_sort,max_rev,max_rand
0,3.399999999912732e-07,3.733333336508637e-15,4.466666666758101e-07,2.2488888882386022e-14,4.133333333378175e-07,9.155555554799178e-15,2.9999999995311555e-07,2.9999999995311555e-07,2.9999999995311555e-07,5.00000000069889e-07,8.000000000230045e-07,5.999999999062311e-07
1,5.066666666664333e-07,1.7955555553824982e-14,4.533333333463693e-07,7.822222222672086e-15,5.399999999452139e-07,1.8400000000762146e-14,2.9999999995311555e-07,2.9999999995311555e-07,3.9999999978945766e-07,8.000000000230045e-07,6.000000001282757e-07,8.000000000230045e-07
2,5.133333333221893e-07,3.048888888245137e-14,3.7999999999982494e-07,9.599999996407276e-15,4.40000000005251e-07,1.0399999999709939e-14,2.9999999995311555e-07,2.9999999995311555e-07,2.9999999995311555e-07,8.000000000230045e-07,5.999999999062311e-07,7.000000001866624e-07
3,3.933333333557461e-07,1.3955555569088713e-14,4.200000000083766e-07,6.933333342021745e-15,4.999999999958741e-07,1.6000000003880777e-14,1.9999999989472883e-07,2.9999999995311555e-07,3.9999999978945766e-07,7.000000001866624e-07,6.000000001282757e-07,8.000000000230045e-07
4,4.4000000000525104e-07,1.039999999674935e-14,5.066666666516302e-07,1.9288888894833858e-14,4.799999999989997e-07,9.599999996999395e-15,2.9999999995311555e-07,1.9999999989472883e-07,2.9999999995311555e-07,6.999999999646178e-07,6.999999999646178e-07,6.999999999646178e-07
5,4.666666666578815e-07,2.3555555567272352e-14,4.800000000138028e-07,2.0266666670792825e-14,4.866666666547559e-07,1.8488888893702296e-14,2.9999999995311555e-07,2.9999999995311555e-07,2.9999999995311555e-07,1.000000000139778e-06,8.000000000230045e-07,9.000000000813912e-07
