lg2 n,sorted,sorted variance,reversed,reversed variance,random,random variance,min_sort,min_rev,min_rand,max_sort,max_rev,max_rand
0,1.2988567352294877e-06,1.2960328874191934e-09,1.1015415191650386e-06,1.1018741788552702e-09,1.0010480880737331e-06,1.0010966785961294e-09,0.0,0.0,0.0,0.0010020732879638672,0.001004934310913086,0.0010039806365966797
1,3.6046028137207197e-06,3.5963959980199336e-09,6.394314765930195e-06,6.347914256361374e-09,4.997324943542488e-06,4.966006970557265e-09,0.0,0.0,0.0,0.0010225772857666016,0.0010044574737548828,0.001024007797241211
