lg2 n,sorted,sorted variance,reversed,reversed variance,random,random variance,min_sort,min_rev,min_rand,max_sort,max_rev,max_rand
9,0.0272968833923341,2.181414852983044e-05,0.015837145543098424,4.92818387972711e-06,0.002293543839454668,2.339137165185992e-07,0.023904800415039062,0.013967752456665039,0.0009908676147460938,0.0610044002532959,0.03698444366455078,0.00700068473815918
10,0.11700365374088302,0.0004025137824242976,0.07123859903812348,9.612932791082394e-05,0.005518376207351692,1.0178761575726437e-06,0.09799051284790039,0.060994863510131836,0.0039670467376708984,0.5420010089874268,0.1549985408782959,0.040998220443725586
